{
  "_meta": {
    "sources": [
      "loopback/common/models",
      "loopback/server/models",
      "../common/models",
      "./models"
    ],
    "mixins": [
      "loopback/common/mixins",
      "loopback/server/mixins",
      "../common/mixins",
      "./mixins"
    ]
  },
  "User": {
    "dataSource": "mysqlds"
  },
  "AccessToken": {
    "dataSource": "mysqlds",
    "public": false
  },
  "ACL": {
    "dataSource": "mysqlds",
    "public": false
  },
  "RoleMapping": {
    "dataSource": "mysqlds",
    "public": false,
    "options": {
      "strictObjectIDCoercion": true
    }
  },
  "Role": {
    "dataSource": "mysqlds",
    "public": false
  },
  "account_settings": {
    "dataSource": "mysqlds",
    "public": true
  },
  "favorite": {
    "dataSource": "mysqlds",
    "public": true
  },
  "service": {
    "dataSource": "mysqlds",
    "public": true
  },
  "product": {
    "dataSource": "mysqlds",
    "public": true
  },
  "category": {
    "dataSource": "mysqlds",
    "public": true
  },
  "atc_category": {
    "dataSource": "mysqlds",
    "public": true
  },
  "ProductBulkUpload": {
    "dataSource": null,
    "public": true
  },
  "uploadinformation": {
    "dataSource": "mysqlds",
    "public": true
  }
}
