title,price,imageurl,description,category,status
Head and shoulder shampoo,4,htttp://domain/imageurl,test,shampoo,available
Samsung 50-inch,1110,htttp://domain/imageurl,test,samsung,available
Philips trimmer,150,htttp://domain/imageurl,test,philips,available
Dove soap,2,htttp://domain/imageurl,test,soap,available
colgate,1,htttp://domain/imageurl,test,toothpaste,available
,10,htttp://domain/imageurl,test,biscuits,available
pizza,5,htttp://domain/imageurl,test,,available
coke ,8,htttp://domain/imageurl,test," Coffee, Tea & Beverages ",available
sparks,10,htttp://domain/imageurl,test,men shoes,available
