title,price,image_url,description,category
Seven Hills Bobble Hat,25,http://sevenhillsrunningshop.com/aroundthecorner/img/7HillsBobbleHat.png,"Green and blue 7Hills logo winter beanie, with pom pom.",Accessories
Seven Hills Beanie,25,http://sevenhillsrunningshop.com/aroundthecorner/img/7HillsNoBobbleHat.png,"Green and blue 7Hills logo winter beanie, no pom pom.",Accessories
Altra Lone Peak 4 RSM,120,http://sevenhillsrunningshop.com/aroundthecorner/img/altra-lp4-rsm.png,"Altra Lone Peak 4 (RSM - Rain Snow Mud), Zero Drop Trail Shoe",Shoes - Trail
Hoka Speedgoat 2,140,http://sevenhillsrunningshop.com/aroundthecorner/img/hoka-speedgoat2.png,Hoka Speedgoat 2,Shoes - Trail
Injinji Ultra Run crew,18,http://sevenhillsrunningshop.com/aroundthecorner/img/injinji-ultrarun.png,Injinji Ultra Run crew length ,Socks
Injinji Ultra Run no-show,16,http://sevenhillsrunningshop.com/aroundthecorner/img/injinji-ultrarun.png,Injinji Ultra Run no-show length ,Socks
Inov-8 Terraultra 260,130,http://sevenhillsrunningshop.com/aroundthecorner/img/inov8-terraultra260.png,"Inov-8 Terraultra 260 unisex zero drop trail shoe. Superior comfort and flexible responsiveness
Lightweight and super-durable
Perfect for running long distances
",Shoes - Trail
Skratch Hydration Drink Mix - single serve sachet,2,http://sevenhillsrunningshop.com/aroundthecorner/img/skratch.png,Sports hydration mix - .8z sachet,Nutrition
Skratch Hydration Drink Mix - 20 serving packet,20,http://sevenhillsrunningshop.com/aroundthecorner/img/skratch.png,Sports hydration mix - 15.5oz bag,Nutrition
Spring,2.5,http://sevenhillsrunningshop.com/aroundthecorner/img/spring.png,Energy Gel - Energy for Endurance Athletes,Nutrition
Territory Running Gorge Cap,32,http://sevenhillsrunningshop.com/aroundthecorner/img/territory-gorgecap.png,Territory Running Co - Technical Running Hat (sea foam) OSFA,Accessories
Territory Running Gorge Cap,32,http://sevenhillsrunningshop.com/aroundthecorner/img/territory-gorgecap-fg.png,Territory Running Co - Technical Running Hat (forest green) OSFA,Accessories
Hoka Clifton 1,130,http://sevenhillsrunningshop.com/aroundthecorner/img/hoka-clifton1.png,Hoka Clifton 1 limited edition re-release,Shoes - Road
Topo Ultra Venture,130,http://sevenhillsrunningshop.com/aroundthecorner/img/Topo-Ultraventure.png,"Topo Ultra Venture - 5mm drop, plush and grippy trail shoe",Shoes - Trail
Ultimate Direction - Scott Jurek North Vest,120,http://sevenhillsrunningshop.com/aroundthecorner/img/UD-SJNorthVest.png,Ultimate Direction - Scott Jurek North Vest,Gear - Hydration
