title,description,imageurl,category,price
Head and shoulder shampoo,test,https://www.incensesticks.com/1362-home_default/meditation.jpg,shampoo,4
Samsung 50-inch,test,https://www.incensesticks.com/1362-home_default/meditation.jpg,samsung,1110
Philips trimmer,test,https://www.incensesticks.com/1362-home_default/meditation.jpg,philips,150
Dove soap,test,https://www.incensesticks.com/1362-home_default/meditation.jpg,soap,2
colgate,test,https://www.incensesticks.com/1362-home_default/meditation.jpg,toothpaste,1
dfgdfg,test,https://www.incensesticks.com/1362-home_default/meditation.jpg,biscuits,10
pizza,test,https://www.incensesticks.com/1362-home_default/meditation.jpg,dfgdfg,5
coke ,test,https://www.incensesticks.com/1362-home_default/meditation.jpg,"Coffee, Tea & Beverages ",8
sparks,test,https://www.incensesticks.com/1362-home_default/meditation.jpg,men shoes,10
mobile,test,https://www.incensesticks.com/1362-home_default/meditation.jpg,mobile,1
Sony 52-inch,test,https://www.incensesticks.com/1362-home_default/meditation.jpg,sony,10
lg monitor,test,https://www.incensesticks.com/1362-home_default/meditation.jpg,Lg,5
icecream,test,https://www.incensesticks.com/1362-home_default/meditation.jpg,snacks ,8
thumbsup,test,https://www.incensesticks.com/1362-home_default/meditation.jpg," Coffee, Tea & Beverages ",10
